text,label
order now free shipping,spam
weekly report attached please review - thanks,ham
Re: flight confirmation booking abc123,ham
weekly report attached please review - thanks,ham
[SPAM] congratulations your email won prize,spam
Shipping Confirmation Order 12345,ham
adult content exclusive access click!!!,spam
confirm update attached,ham
Your Refund Is Waiting Claim Now,spam
password reset request received - thanks,ham
lose weight fast no exercise needed!!!,spam
MEET SINGLES IN YOUR AREA TONIGHT,spam
Reminder About Appointment Tomorrow,ham
YOUR ORDER HAS SHIPPED,ham
TEAM MEETING TOMORROW AT 3PM,ham
meet singles in your area tonight,spam
free money click here now,spam
reminder: appointment,ham
meeting report at document,ham
get rich quick work from home http://example.com,spam
Re: calendar invite team sync,ham
act immediately avoid account closure http://example.com,spam
shipping confirmation order 12345 - thanks,ham
password reset request received - thanks,ham
PLEASE REVIEW THE PROPOSAL,ham
monthly newsletter january - thanks,ham
JOB OFFER SALARY $100K WORK FROM HOME,spam
password reset request received,ham
ADULT CONTENT EXCLUSIVE ACCESS CLICK,spam
CONGRATULATIONS YOUR EMAIL WON PRIZE,spam
Re: password reset request received,ham
SHIPPING CONFIRMATION ORDER 12345,ham
Happy Birthday Hope You Have A Great Day,ham
LUNCH PLANS FOR FRIDAY,ham
Re: monthly newsletter january,ham
Nigerian Prince Needs Your Help,spam
Re: shipping confirmation order 12345,ham
EARN $5000 DAILY FROM HOME,spam
your account has been compromised click link!!!,spam
GREAT WORK ON THE PRESENTATION,ham
[SPAM] job offer salary $100k work from home,spam
nigerian prince needs your help http://example.com,spam
Re:  receipt for your purchase,ham
can you review my pull request,ham
urgent action required verify account http://example.com,spam
happy birthday hope you have a great day,ham
extreme discount luxury items!!!,spam
thank you for your purchase,ham
congratulations your email won prize,spam
Calendar Invite Team Sync,ham
sync for welcome,ham
Weekly Report Attached Please Review,ham
great work on the presentation - thanks,ham
[SPAM] meet singles in your area tonight,spam
Limited Time Offer Act Now,spam
discount urgent action click,spam
calendar invite team sync - thanks,ham
SUSPENDED ACCOUNT VERIFY NOW,spam
act immediately avoid account closure,spam
special promotion just for you http://example.com,spam
deal urgent action offer,spam
calendar invite team sync,ham
can you confirm,ham
subscription renewal coming up,ham
subscription renewal coming up,ham
exclusive suspended for suspended,spam
Thank You For Your Purchase,ham
your prize is money click million,spam
Your Refund Is Waiting Claim Now,spam
congratulations you won lottery http://example.com,spam
CHEAP PHARMA ONLINE NO PRESCRIPTION,spam
congratulations your email won prize http://example.com,spam
[SPAM] adult content exclusive access click,spam
HOTEL BOOKING CONFIRMATION REF 456,ham
reminder: dinner,ham
million dollar opportunity awaits http://example.com,spam
cheap pharma online no prescription http://example.com,spam
Hotel Booking Confirmation Ref 456,ham
Monthly Newsletter January,ham
[SPAM] congratulations your email won prize,spam
Congratulations You Won Lottery,spam
link limited time lottery,spam
CONGRATULATIONS YOU WON LOTTERY,spam
Suspended Account Verify Now,spam
hotel booking confirmation ref 456 - thanks,ham
Welcome To Our Service,ham
congratulations your email won prize!!!,spam
your refund is waiting claim now,spam
limited time offer act now http://example.com,spam
order now free shipping,spam
Calendar Invite Team Sync,ham
meeting lunch at update,ham
LUNCH PLANS FOR FRIDAY,ham
CONGRATULATIONS YOUR EMAIL WON PRIZE,spam
lose weight fast no exercise needed,spam
Adult Content Exclusive Access Click,spam
REMINDER ABOUT APPOINTMENT TOMORROW,ham
reminder about appointment tomorrow - thanks,ham
Documents From Meeting Shared With You,ham
[SPAM] dear winner claim your prize,spam
dinner reservations for saturday - thanks,ham
TEAM MEETING TOMORROW AT 3PM,ham
PLEASE REVIEW THE PROPOSAL,ham
REMINDER ABOUT APPOINTMENT TOMORROW,ham
PASSWORD RESET REQUEST RECEIVED,ham
subscription renewal coming up,ham
Re: account settings updated successfully,ham
 Receipt For Your Purchase,ham
FLIGHT CONFIRMATION BOOKING ABC123,ham
adult content exclusive access click,spam
[SPAM] bitcoin investment opportunity guaranteed returns,spam
Monthly Newsletter January,ham
can you document,ham
dear winner claim your prize http://example.com,spam
extreme discount luxury items!!!,spam
adult content exclusive access click http://example.com,spam
lose weight fast no exercise needed,spam
Re: shipping confirmation order 12345,ham
lose weight fast no exercise needed http://example.com,spam
Password Reset Request Received,ham
Can You Review My Pull Request,ham
[SPAM] extreme discount luxury items,spam
Account Settings Updated Successfully,ham
Act Immediately Avoid Account Closure,spam
limited time offer act now!!!,spam
credit card offer approved click!!!,spam
Re: documents from meeting shared with you,ham
extreme discount luxury items,spam
shipping confirmation order 12345,ham
WELCOME TO OUR SERVICE,ham
Project Update The Codebase Is Ready,ham
nigerian prince needs your help,spam
special promotion just for you,spam
Your Account Has Been Compromised Click Link,spam
Re: reminder about appointment tomorrow,ham
report update attached,ham
bitcoin investment opportunity guaranteed returns!!!,spam
YOUR REFUND IS WAITING CLAIM NOW,spam
Re: can you review my pull request,ham
order now free shipping http://example.com,spam
monthly newsletter january,ham
adult content exclusive access click,spam
[SPAM] credit card offer approved click,spam
can you review my pull request,ham
your refund is waiting claim now,spam
job offer salary $100k work from home http://example.com,spam
million limited time million,spam
Re: hotel booking confirmation ref 456,ham
[SPAM] million dollar opportunity awaits,spam
 receipt for your purchase - thanks,ham
Re: hotel booking confirmation ref 456,ham
project update the codebase is ready - thanks,ham
Re: password reset request received,ham
limited time offer act now!!!,spam
Bitcoin Investment Opportunity Guaranteed Returns,spam
order now free shipping!!!,spam
[SPAM] credit card offer approved click,spam
Re: reminder about appointment tomorrow,ham
free offer only offer,spam
earn $5000 daily from home http://example.com,spam
Re: new message in your inbox,ham
suspended account verify now http://example.com,spam
[SPAM] act immediately avoid account closure,spam
happy birthday hope you have a great day,ham
calendar invite team sync,ham
flight confirmation booking abc123 - thanks,ham
Thanks For The Update John,ham
Nigerian Prince Needs Your Help,spam
suspended account verify now http://example.com,spam
job offer salary $100k work from home,spam
happy birthday hope you have a great day - thanks,ham
Re: welcome to our service,ham
congratulations you won lottery!!!,spam
THANK YOU FOR YOUR PURCHASE,ham
your refund is waiting claim now http://example.com,spam
[SPAM] get rich quick work from home,spam
Flight Confirmation Booking Abc123,ham
PLEASE REVIEW THE PROPOSAL,ham
URGENT ACTION REQUIRED VERIFY ACCOUNT,spam
Re: hotel booking confirmation ref 456,ham
Re: happy birthday hope you have a great day,ham
flight confirmation booking abc123 - thanks,ham
exclusive account for cash,spam
EXTREME DISCOUNT LUXURY ITEMS,spam
[SPAM] suspended account verify now,spam
bitcoin investment opportunity guaranteed returns,spam
 Receipt For Your Purchase,ham
Re: thanks for the update john,ham
Cheap Pharma Online No Prescription,spam
great work on the presentation - thanks,ham
Suspended Account Verify Now,spam
Subscription Renewal Coming Up,ham
lose weight fast no exercise needed http://example.com,spam
million dollar opportunity awaits,spam
extreme discount luxury items http://example.com,spam
calendar invite team sync - thanks,ham
[SPAM] congratulations your email won prize,spam
Re: team meeting tomorrow at 3pm,ham
your account has been compromised click link!!!,spam
exclusive investment for verify,spam
[SPAM] exclusive deal for you only today,spam
lunch plans for friday - thanks,ham
EXCLUSIVE DEAL FOR YOU ONLY TODAY,spam
TEAM MEETING TOMORROW AT 3PM,ham
Great Work On The Presentation,ham
EXCLUSIVE DEAL FOR YOU ONLY TODAY,spam
Monthly Newsletter January,ham
project update the codebase is ready - thanks,ham
[SPAM] exclusive deal for you only today,spam
special promotion just for you http://example.com,spam
subscription renewal coming up,ham
cheap pharma online no prescription http://example.com,spam
monthly newsletter january - thanks,ham
[SPAM] your account has been compromised click link,spam
please review the proposal - thanks,ham
Flight Confirmation Booking Abc123,ham
Congratulations You Won Lottery,spam
Project Update The Codebase Is Ready,ham
 receipt for your purchase - thanks,ham
[SPAM] credit card offer approved click,spam
earn $5000 daily from home,spam
 RECEIPT FOR YOUR PURCHASE,ham
limited time offer act now http://example.com,spam
welcome to our service - thanks,ham
nigerian prince needs your help!!!,spam
YOUR REFUND IS WAITING CLAIM NOW,spam
free money click here now http://example.com,spam
EXTREME DISCOUNT LUXURY ITEMS,spam
account settings updated successfully,ham
your refund is waiting claim now,spam
Credit Card Offer Approved Click,spam
urgent action required verify account!!!,spam
team meeting tomorrow at 3pm - thanks,ham
dinner reservations for saturday,ham
weekly report attached please review - thanks,ham
[SPAM] credit card offer approved click,spam
can you birthday,ham
Re: subscription renewal coming up,ham
subscription renewal coming up - thanks,ham
new message in your inbox,ham
flight confirmation booking abc123 - thanks,ham
free money click here now http://example.com,spam
Act Immediately Avoid Account Closure,spam
Re:  receipt for your purchase,ham
money offer only investment,spam
dear winner claim your prize http://example.com,spam
cheap pharma online no prescription!!!,spam
your schedule confirmation,ham
SUBSCRIPTION RENEWAL COMING UP,ham
schedule update attached,ham
lottery offer only prize,spam
Your Account Has Been Compromised Click Link,spam
Special Promotion Just For You,spam
please review the proposal - thanks,ham
special promotion just for you http://example.com,spam
job offer salary $100k work from home!!!,spam
million dollar opportunity awaits,spam
Re: great work on the presentation,ham
meeting meeting at dinner,ham
 RECEIPT FOR YOUR PURCHASE,ham
your refund is waiting claim now,spam
Adult Content Exclusive Access Click,spam
Dinner Reservations For Saturday,ham
act immediately avoid account closure!!!,spam
earn winner daily verify,spam
Re: dinner reservations for saturday,ham
Bitcoin Investment Opportunity Guaranteed Returns,spam
YOUR ORDER HAS SHIPPED,ham
Re: lunch plans for friday,ham
Job Offer Salary $100K Work From Home,spam
Re: hotel booking confirmation ref 456,ham
Re: please review the proposal,ham
PROJECT UPDATE THE CODEBASE IS READY,ham
account settings updated successfully,ham
Re: can you review my pull request,ham
Re: hotel booking confirmation ref 456,ham
Re: team meeting tomorrow at 3pm,ham
[SPAM] congratulations your email won prize,spam
congratulations you won lottery!!!,spam
can you review my pull request - thanks,ham
your refund is waiting claim now,spam
can you review my pull request,ham
calendar invite team sync - thanks,ham
Re: documents from meeting shared with you,ham
Re: flight confirmation booking abc123,ham
Re: team meeting tomorrow at 3pm,ham
Re: reminder about appointment tomorrow,ham
Job Offer Salary $100K Work From Home,spam
hotel booking confirmation ref 456 - thanks,ham
get rich quick work from home http://example.com,spam
[SPAM] urgent action required verify account,spam
thanks for appointment,ham
Re: lunch plans for friday,ham
Exclusive Deal For You Only Today,spam
documents from meeting shared with you - thanks,ham
dinner reservations for saturday,ham
dinner reservations for saturday - thanks,ham
Credit Card Offer Approved Click,spam
lunch plans for friday,ham
welcome to our service - thanks,ham
MEET SINGLES IN YOUR AREA TONIGHT,spam
Re: documents from meeting shared with you,ham
shipping confirmation order 12345 - thanks,ham
congratulations you won lottery!!!,spam
thank you for your purchase,ham
Your Refund Is Waiting Claim Now,spam
password reset request received - thanks,ham
MONTHLY NEWSLETTER JANUARY,ham
your order has shipped,ham
URGENT ACTION REQUIRED VERIFY ACCOUNT,spam
LIMITED TIME OFFER ACT NOW,spam
FLIGHT CONFIRMATION BOOKING ABC123,ham
[SPAM] limited time offer act now,spam
can you review my pull request - thanks,ham
Calendar Invite Team Sync,ham
[SPAM] order now free shipping,spam
Re: account settings updated successfully,ham
SUBSCRIPTION RENEWAL COMING UP,ham
reminder about appointment tomorrow,ham
shipping confirmation order 12345,ham
[SPAM] your account has been compromised click link,spam
CREDIT CARD OFFER APPROVED CLICK,spam
SUBSCRIPTION RENEWAL COMING UP,ham
your account has been compromised click link,spam
Special Promotion Just For You,spam
claim your million suspended,spam
bitcoin investment opportunity guaranteed returns!!!,spam
job offer salary $100k work from home!!!,spam
TEAM MEETING TOMORROW AT 3PM,ham
Suspended Account Verify Now,spam
free money click here now http://example.com,spam
Re: thank you for your purchase,ham
happy team,ham
meet singles in your area tonight http://example.com,spam
flight confirmation booking abc123,ham
Congratulations Your Email Won Prize,spam
[SPAM] lose weight fast no exercise needed,spam
Happy Birthday Hope You Have A Great Day,ham
Nigerian Prince Needs Your Help,spam
ORDER NOW FREE SHIPPING,spam
meeting team at document,ham
 Receipt For Your Purchase,ham
flight confirmation booking abc123 - thanks,ham
earn click daily suspended,spam
thanks for thanks,ham
Bitcoin Investment Opportunity Guaranteed Returns,spam
lose weight fast no exercise needed http://example.com,spam
Re: your order has shipped,ham
suspended account verify now,spam
urgent action required verify account http://example.com,spam
NEW MESSAGE IN YOUR INBOX,ham
million dollar opportunity awaits http://example.com,spam
 receipt for your purchase,ham
Re: calendar invite team sync,ham
Thanks For The Update John,ham
YOUR REFUND IS WAITING CLAIM NOW,spam
Re: documents from meeting shared with you,ham
project update attached,ham
congratulations winner won account,spam
Subscription Renewal Coming Up,ham
Re: your order has shipped,ham
get rich quick work from home http://example.com,spam
FREE MONEY CLICK HERE NOW,spam
lose weight fast no exercise needed http://example.com,spam
Dinner Reservations For Saturday,ham
link limited time account,spam
MEET SINGLES IN YOUR AREA TONIGHT,spam
[SPAM] job offer salary $100k work from home,spam
Earn $5000 Daily From Home,spam
nigerian prince needs your help,spam
Re: subscription renewal coming up,ham
Weekly Report Attached Please Review,ham
Welcome To Our Service,ham
account settings updated successfully - thanks,ham
CAN YOU REVIEW MY PULL REQUEST,ham
[SPAM] job offer salary $100k work from home,spam
Re: calendar invite team sync,ham
Shipping Confirmation Order 12345,ham
 receipt for your purchase,ham
PROJECT UPDATE THE CODEBASE IS READY,ham
flight confirmation booking abc123,ham
job offer salary $100k work from home http://example.com,spam
Re: shipping confirmation order 12345,ham
welcome to our service,ham
your lunch confirmation,ham
Re: new message in your inbox,ham
Re: reminder about appointment tomorrow,ham
please review the proposal,ham
HAPPY BIRTHDAY HOPE YOU HAVE A GREAT DAY,ham
THANKS FOR THE UPDATE JOHN,ham
Congratulations You Won Lottery,spam
suspended account verify now http://example.com,spam
Re: your order has shipped,ham
thanks for the update john,ham
NIGERIAN PRINCE NEEDS YOUR HELP,spam
THANK YOU FOR YOUR PURCHASE,ham
free money click here now!!!,spam
Re: password reset request received,ham
please review the proposal - thanks,ham
monthly newsletter january - thanks,ham
 receipt for your purchase - thanks,ham
exclusive deal for you only today,spam
Re: thank you for your purchase,ham
suspended offer only link,spam
your review confirmation,ham
cheap pharma online no prescription http://example.com,spam
[SPAM] adult content exclusive access click,spam
shipping confirmation order 12345,ham
Act Immediately Avoid Account Closure,spam
happy sync,ham
Re: happy birthday hope you have a great day,ham
lose weight fast no exercise needed http://example.com,spam
your refund is waiting claim now http://example.com,spam
Can You Review My Pull Request,ham
Dinner Reservations For Saturday,ham
Flight Confirmation Booking Abc123,ham
NEW MESSAGE IN YOUR INBOX,ham
CAN YOU REVIEW MY PULL REQUEST,ham
new message in your inbox - thanks,ham
SHIPPING CONFIRMATION ORDER 12345,ham
limited time offer act now http://example.com,spam
THANKS FOR THE UPDATE JOHN,ham
Hotel Booking Confirmation Ref 456,ham
URGENT ACTION REQUIRED VERIFY ACCOUNT,spam
[SPAM] exclusive deal for you only today,spam
Re: welcome to our service,ham
Re: new message in your inbox,ham
MILLION DOLLAR OPPORTUNITY AWAITS,spam
job offer salary $100k work from home,spam
special promotion just for you http://example.com,spam
suspended account verify now http://example.com,spam
reminder about appointment tomorrow,ham
Password Reset Request Received,ham
password reset request received,ham
Hotel Booking Confirmation Ref 456,ham
MEET SINGLES IN YOUR AREA TONIGHT,spam
urgent action required verify account http://example.com,spam
dear winner claim your prize!!!,spam
please review the proposal - thanks,ham
Earn $5000 Daily From Home,spam
suspended account verify now http://example.com,spam
please sync the update,ham
adult content exclusive access click http://example.com,spam
ACT IMMEDIATELY AVOID ACCOUNT CLOSURE,spam
nigerian prince needs your help http://example.com,spam
Million Dollar Opportunity Awaits,spam
Get Rich Quick Work From Home,spam
ACT IMMEDIATELY AVOID ACCOUNT CLOSURE,spam
MEET SINGLES IN YOUR AREA TONIGHT,spam
Calendar Invite Team Sync,ham
meeting project at sync,ham
Re: shipping confirmation order 12345,ham
SPECIAL PROMOTION JUST FOR YOU,spam
free money click here now http://example.com,spam
Dear Winner Claim Your Prize,spam
Order Now Free Shipping,spam
free verify click suspended,spam
your account has been compromised click link!!!,spam
Congratulations You Won Lottery,spam
dear winner claim your prize!!!,spam
welcome to our service,ham
happy birthday hope you have a great day,ham
credit card offer approved click!!!,spam
adult content exclusive access click,spam
[SPAM] order now free shipping,spam
winner offer only offer,spam
confirm for project,ham
free money click here now!!!,spam
please confirm the review,ham
Thank You For Your Purchase,ham
thank you for your purchase - thanks,ham
Hotel Booking Confirmation Ref 456,ham
JOB OFFER SALARY $100K WORK FROM HOME,spam
Re: thanks for the update john,ham
calendar invite team sync - thanks,ham
WELCOME TO OUR SERVICE,ham
JOB OFFER SALARY $100K WORK FROM HOME,spam
congratulations your email won prize,spam
exclusive deal for you only today http://example.com,spam
team meeting tomorrow at 3pm,ham
order now free shipping http://example.com,spam
new message in your inbox,ham
Credit Card Offer Approved Click,spam
[SPAM] get rich quick work from home,spam
Weekly Report Attached Please Review,ham
new message in your inbox,ham
Subscription Renewal Coming Up,ham
Re: project update the codebase is ready,ham
your order has shipped - thanks,ham
congratulations you won lottery http://example.com,spam
[SPAM] suspended account verify now,spam
Please Review The Proposal,ham
HAPPY BIRTHDAY HOPE YOU HAVE A GREAT DAY,ham
Re: thank you for your purchase,ham
cheap pharma online no prescription http://example.com,spam
can you review my pull request,ham
please review the proposal,ham
happy birthday hope you have a great day - thanks,ham
ORDER NOW FREE SHIPPING,spam
shipping confirmation order 12345,ham
EARN $5000 DAILY FROM HOME,spam
happy birthday hope you have a great day,ham
Special Promotion Just For You,spam
free winner click discount,spam
monthly newsletter january,ham
Re: happy birthday hope you have a great day,ham
NIGERIAN PRINCE NEEDS YOUR HELP,spam
ADULT CONTENT EXCLUSIVE ACCESS CLICK,spam
Hotel Booking Confirmation Ref 456,ham
act immediately avoid account closure http://example.com,spam
[SPAM] adult content exclusive access click,spam
job offer salary $100k work from home,spam
HOTEL BOOKING CONFIRMATION REF 456,ham
[SPAM] limited time offer act now,spam
Weekly Report Attached Please Review,ham
HOTEL BOOKING CONFIRMATION REF 456,ham
earn link daily account,spam
YOUR ORDER HAS SHIPPED,ham
job offer salary $100k work from home!!!,spam
[SPAM] bitcoin investment opportunity guaranteed returns,spam
[SPAM] earn $5000 daily from home,spam
meet singles in your area tonight!!!,spam
adult content exclusive access click http://example.com,spam
Welcome To Our Service,ham
WEEKLY REPORT ATTACHED PLEASE REVIEW,ham
[SPAM] act immediately avoid account closure,spam
dinner reservations for saturday - thanks,ham
CREDIT CARD OFFER APPROVED CLICK,spam
[SPAM] congratulations you won lottery,spam
weekly report attached please review - thanks,ham
weekly report attached please review,ham
Re: dinner reservations for saturday,ham
SUBSCRIPTION RENEWAL COMING UP,ham
order now free shipping!!!,spam
documents from meeting shared with you - thanks,ham
Reminder About Appointment Tomorrow,ham
account settings updated successfully - thanks,ham
act immediately avoid account closure,spam
[SPAM] lose weight fast no exercise needed,spam
can you review my pull request - thanks,ham
new message in your inbox - thanks,ham
Re: please review the proposal,ham
[SPAM] extreme discount luxury items,spam
 RECEIPT FOR YOUR PURCHASE,ham
please review the proposal - thanks,ham
FREE MONEY CLICK HERE NOW,spam
[SPAM] urgent action required verify account,spam
get rich quick work from home http://example.com,spam
earn $5000 daily from home http://example.com,spam
order now free shipping,spam
YOUR ACCOUNT HAS BEEN COMPROMISED CLICK LINK,spam
dear winner claim your prize http://example.com,spam
limited time offer act now!!!,spam
Your Account Has Been Compromised Click Link,spam
Thank You For Your Purchase,ham
your refund is waiting claim now!!!,spam
Documents From Meeting Shared With You,ham
lunch for meeting,ham
congratulations you won lottery,spam
special promotion just for you!!!,spam
job offer salary $100k work from home http://example.com,spam
meet singles in your area tonight!!!,spam
meet singles in your area tonight!!!,spam
Welcome To Our Service,ham
CHEAP PHARMA ONLINE NO PRESCRIPTION,spam
exclusive deal for you only today,spam
suspended account verify now,spam
HAPPY BIRTHDAY HOPE YOU HAVE A GREAT DAY,ham
ADULT CONTENT EXCLUSIVE ACCESS CLICK,spam
Re: thank you for your purchase,ham
please review the proposal - thanks,ham
Urgent Action Required Verify Account,spam
[SPAM] special promotion just for you,spam
[SPAM] credit card offer approved click,spam
extreme discount luxury items,spam
your account has been compromised click link!!!,spam
your bitcoin is lottery click money,spam
Thank You For Your Purchase,ham
BITCOIN INVESTMENT OPPORTUNITY GUARANTEED RETURNS,spam
meet singles in your area tonight!!!,spam
Project Update The Codebase Is Ready,ham
LOSE WEIGHT FAST NO EXERCISE NEEDED,spam
THANKS FOR THE UPDATE JOHN,ham
exclusive deal for you only today,spam
GET RICH QUICK WORK FROM HOME,spam
nigerian prince needs your help http://example.com,spam
Cheap Pharma Online No Prescription,spam
exclusive deal for you only today,spam
credit card offer approved click,spam
 receipt for your purchase,ham
password reset request received - thanks,ham
new message in your inbox - thanks,ham
Account Settings Updated Successfully,ham
Hotel Booking Confirmation Ref 456,ham
 Receipt For Your Purchase,ham
JOB OFFER SALARY $100K WORK FROM HOME,spam
[SPAM] adult content exclusive access click,spam
bitcoin investment opportunity guaranteed returns http://example.com,spam
special promotion just for you!!!,spam
Suspended Account Verify Now,spam
Re: team meeting tomorrow at 3pm,ham
calendar invite team sync - thanks,ham
ORDER NOW FREE SHIPPING,spam
Project Update The Codebase Is Ready,ham
Nigerian Prince Needs Your Help,spam
Re: your order has shipped,ham
exclusive deal for you only today!!!,spam
Meet Singles In Your Area Tonight,spam
Thanks For The Update John,ham
reminder about appointment tomorrow,ham
Re: happy birthday hope you have a great day,ham
new message in your inbox,ham
SUBSCRIPTION RENEWAL COMING UP,ham
Flight Confirmation Booking Abc123,ham
project update the codebase is ready,ham
SHIPPING CONFIRMATION ORDER 12345,ham
meeting meeting at confirm,ham
Earn $5000 Daily From Home,spam
lose weight fast no exercise needed,spam
thanks for thanks,ham
LUNCH PLANS FOR FRIDAY,ham
[SPAM] limited time offer act now,spam
credit card offer approved click,spam
your order has shipped - thanks,ham
dear winner claim your prize,spam
 RECEIPT FOR YOUR PURCHASE,ham
SPECIAL PROMOTION JUST FOR YOU,spam
NIGERIAN PRINCE NEEDS YOUR HELP,spam
CREDIT CARD OFFER APPROVED CLICK,spam
FLIGHT CONFIRMATION BOOKING ABC123,ham
Re: lunch plans for friday,ham
congratulations money won offer,spam
GET RICH QUICK WORK FROM HOME,spam
Order Now Free Shipping,spam
Re: can you review my pull request,ham
Re: monthly newsletter january,ham
Re: can you review my pull request,ham
suspended account verify now,spam
HAPPY BIRTHDAY HOPE YOU HAVE A GREAT DAY,ham
team update attached,ham
team meeting tomorrow at 3pm,ham
Re: monthly newsletter january,ham
meet singles in your area tonight http://example.com,spam
Meet Singles In Your Area Tonight,spam
get rich quick work from home!!!,spam
[SPAM] special promotion just for you,spam
EARN $5000 DAILY FROM HOME,spam
happy birthday hope you have a great day,ham
million dollar opportunity awaits,spam
BITCOIN INVESTMENT OPPORTUNITY GUARANTEED RETURNS,spam
Hotel Booking Confirmation Ref 456,ham
REMINDER ABOUT APPOINTMENT TOMORROW,ham
LOSE WEIGHT FAST NO EXERCISE NEEDED,spam
project update the codebase is ready,ham
Flight Confirmation Booking Abc123,ham
weekly report attached please review - thanks,ham
million dollar opportunity awaits http://example.com,spam
[SPAM] your refund is waiting claim now,spam
Your Refund Is Waiting Claim Now,spam
team meeting tomorrow at 3pm,ham
YOUR REFUND IS WAITING CLAIM NOW,spam
dear winner claim your prize!!!,spam
special promotion just for you,spam
re: dinner,ham
welcome to our service - thanks,ham
cheap pharma online no prescription http://example.com,spam
your order has shipped - thanks,ham
Re: great work on the presentation,ham
Limited Time Offer Act Now,spam
lose weight fast no exercise needed!!!,spam
urgent action required verify account http://example.com,spam
credit card offer approved click http://example.com,spam
LOSE WEIGHT FAST NO EXERCISE NEEDED,spam
get rich quick work from home!!!,spam
Monthly Newsletter January,ham
order now free shipping,spam
Re: great work on the presentation,ham
meet singles in your area tonight http://example.com,spam
reminder: document,ham
SHIPPING CONFIRMATION ORDER 12345,ham
great work on the presentation,ham
order offer only account,spam
please review the proposal,ham
credit card offer approved click,spam
Re: flight confirmation booking abc123,ham
[SPAM] adult content exclusive access click,spam
EXTREME DISCOUNT LUXURY ITEMS,spam
nigerian prince needs your help http://example.com,spam
Re: your order has shipped,ham
Your Account Has Been Compromised Click Link,spam
Exclusive Deal For You Only Today,spam
order now free shipping http://example.com,spam
documents from meeting shared with you,ham
Re: thank you for your purchase,ham
Get Rich Quick Work From Home,spam
Can You Review My Pull Request,ham
Re: your order has shipped,ham
free money click here now,spam
Extreme Discount Luxury Items,spam
reminder about appointment tomorrow - thanks,ham
order now free shipping!!!,spam
congratulations you won lottery http://example.com,spam
Thank You For Your Purchase,ham
great work on the presentation - thanks,ham
free money click here now!!!,spam
NEW MESSAGE IN YOUR INBOX,ham
your document confirmation,ham
BITCOIN INVESTMENT OPPORTUNITY GUARANTEED RETURNS,spam
Nigerian Prince Needs Your Help,spam
Congratulations Your Email Won Prize,spam
Re: dinner reservations for saturday,ham
EXTREME DISCOUNT LUXURY ITEMS,spam
dinner reservations for saturday,ham
Re: your order has shipped,ham
weekly report attached please review - thanks,ham
monthly newsletter january - thanks,ham
weekly report attached please review,ham
free suspended click bitcoin,spam
New Message In Your Inbox,ham
Your Order Has Shipped,ham
FLIGHT CONFIRMATION BOOKING ABC123,ham
Project Update The Codebase Is Ready,ham
special promotion just for you,spam
free money click here now,spam
shipping confirmation order 12345 - thanks,ham
congratulations your email won prize!!!,spam
[SPAM] limited time offer act now,spam
Get Rich Quick Work From Home,spam
your team confirmation,ham
documents from meeting shared with you,ham
[SPAM] get rich quick work from home,spam
GREAT WORK ON THE PRESENTATION,ham
congratulations cheap won free,spam
new message in your inbox,ham
Re: thanks for the update john,ham
MONTHLY NEWSLETTER JANUARY,ham
weekly report attached please review - thanks,ham
team meeting tomorrow at 3pm - thanks,ham
Great Work On The Presentation,ham
REMINDER ABOUT APPOINTMENT TOMORROW,ham
Re: subscription renewal coming up,ham
get rich quick work from home http://example.com,spam
reminder about appointment tomorrow - thanks,ham
 receipt for your purchase,ham
[SPAM] extreme discount luxury items,spam
credit card offer approved click!!!,spam
please review the proposal,ham
account settings updated successfully,ham
meet singles in your area tonight!!!,spam
bitcoin limited time discount,spam
New Message In Your Inbox,ham
SHIPPING CONFIRMATION ORDER 12345,ham
Suspended Account Verify Now,spam
Lunch Plans For Friday,ham
thank you for your purchase,ham
your order has shipped,ham
[SPAM] bitcoin investment opportunity guaranteed returns,spam
Congratulations Your Email Won Prize,spam
reminder: meeting,ham
Your Order Has Shipped,ham
flight confirmation booking abc123 - thanks,ham
THANKS FOR THE UPDATE JOHN,ham
Re: new message in your inbox,ham
reminder about appointment tomorrow,ham
Get Rich Quick Work From Home,spam
 RECEIPT FOR YOUR PURCHASE,ham
Congratulations You Won Lottery,spam
please lunch the appointment,ham
FREE MONEY CLICK HERE NOW,spam
FLIGHT CONFIRMATION BOOKING ABC123,ham
[SPAM] act immediately avoid account closure,spam
can you lunch,ham
your refund is waiting claim now!!!,spam
million dollar opportunity awaits http://example.com,spam
order now free shipping http://example.com,spam
Re: dinner reservations for saturday,ham
Password Reset Request Received,ham
million dollar opportunity awaits!!!,spam
MONTHLY NEWSLETTER JANUARY,ham
Re: thank you for your purchase,ham
urgent action required verify account,spam
Extreme Discount Luxury Items,spam
Re: password reset request received,ham
HOTEL BOOKING CONFIRMATION REF 456,ham
reminder: meeting,ham
prize offer only investment,spam
Re: shipping confirmation order 12345,ham
team meeting tomorrow at 3pm - thanks,ham
free money click here now,spam
Documents From Meeting Shared With You,ham
order now free shipping http://example.com,spam
Re: welcome to our service,ham
flight confirmation booking abc123,ham
please appointment the sync,ham
[SPAM] credit card offer approved click,spam
JOB OFFER SALARY $100K WORK FROM HOME,spam
earn $5000 daily from home http://example.com,spam
your refund is waiting claim now!!!,spam
project update the codebase is ready - thanks,ham
hotel booking confirmation ref 456,ham
hotel booking confirmation ref 456,ham
DINNER RESERVATIONS FOR SATURDAY,ham
thanks for the update john,ham
Re: project update the codebase is ready,ham
great work on the presentation,ham
Adult Content Exclusive Access Click,spam
Exclusive Deal For You Only Today,spam
monthly newsletter january - thanks,ham
bitcoin investment opportunity guaranteed returns,spam
Re: can you review my pull request,ham
offer offer only bitcoin,spam
suspended account verify now,spam
project update the codebase is ready,ham
Project Update The Codebase Is Ready,ham
thanks for the update john,ham
 receipt for your purchase - thanks,ham
exclusive account for link,spam
dear winner claim your prize http://example.com,spam
password reset request received,ham
Calendar Invite Team Sync,ham
act link click now,spam
Re: weekly report attached please review,ham
CREDIT CARD OFFER APPROVED CLICK,spam
CREDIT CARD OFFER APPROVED CLICK,spam
act discount prize now,spam
please confirm the team,ham
get rich quick work from home http://example.com,spam
happy birthday,ham
Hotel Booking Confirmation Ref 456,ham
exclusive offer for discount,spam
HOTEL BOOKING CONFIRMATION REF 456,ham
your refund is waiting claim now!!!,spam
welcome to our service,ham
your refund is waiting claim now,spam
million dollar opportunity awaits http://example.com,spam
[SPAM] exclusive deal for you only today,spam
nigerian prince needs your help http://example.com,spam
Password Reset Request Received,ham
[SPAM] order now free shipping,spam
Re: subscription renewal coming up,ham
Weekly Report Attached Please Review,ham
Re: subscription renewal coming up,ham
million dollar opportunity awaits!!!,spam
subscription renewal coming up - thanks,ham
Nigerian Prince Needs Your Help,spam
Re: shipping confirmation order 12345,ham
[SPAM] extreme discount luxury items,spam
[SPAM] your account has been compromised click link,spam
claim your free cheap,spam
team meeting tomorrow at 3pm - thanks,ham
cheap pharma online no prescription!!!,spam
act immediately avoid account closure http://example.com,spam
your account has been compromised click link http://example.com,spam
Can You Review My Pull Request,ham
exclusive deal for you only today,spam
your refund is waiting claim now!!!,spam
MILLION DOLLAR OPPORTUNITY AWAITS,spam
monthly newsletter january,ham
can you review my pull request,ham
exclusive deal for you only today http://example.com,spam
Nigerian Prince Needs Your Help,spam
[SPAM] credit card offer approved click,spam
reminder about appointment tomorrow - thanks,ham
Re: shipping confirmation order 12345,ham
thanks for confirm,ham
suspended account verify now,spam
earn $5000 daily from home,spam
Re: account settings updated successfully,ham
happy thanks,ham
act click lottery now,spam
Re: please review the proposal,ham
your account has been compromised click link!!!,spam
Order Now Free Shipping,spam
Re: documents from meeting shared with you,ham
JOB OFFER SALARY $100K WORK FROM HOME,spam
 receipt for your purchase,ham
Hotel Booking Confirmation Ref 456,ham
 receipt for your purchase,ham
Project Update The Codebase Is Ready,ham
project update the codebase is ready,ham
thanks for the update john,ham
ORDER NOW FREE SHIPPING,spam
ACCOUNT SETTINGS UPDATED SUCCESSFULLY,ham
Happy Birthday Hope You Have A Great Day,ham
[SPAM] your refund is waiting claim now,spam
MEET SINGLES IN YOUR AREA TONIGHT,spam
discount urgent action investment,spam
thank you for your purchase,ham
Shipping Confirmation Order 12345,ham
[SPAM] adult content exclusive access click,spam
meeting confirm at welcome,ham
get rich quick work from home http://example.com,spam
job offer salary $100k work from home http://example.com,spam
meet singles in your area tonight!!!,spam
ADULT CONTENT EXCLUSIVE ACCESS CLICK,spam
[SPAM] million dollar opportunity awaits,spam
THANK YOU FOR YOUR PURCHASE,ham
urgent action required verify account!!!,spam
EXCLUSIVE DEAL FOR YOU ONLY TODAY,spam
ADULT CONTENT EXCLUSIVE ACCESS CLICK,spam
free money click here now!!!,spam
LUNCH PLANS FOR FRIDAY,ham
Thank You For Your Purchase,ham
Re: project update the codebase is ready,ham
Limited Time Offer Act Now,spam
exclusive deal for you only today http://example.com,spam
Special Promotion Just For You,spam
Great Work On The Presentation,ham
your order has shipped - thanks,ham
 Receipt For Your Purchase,ham
limited time offer act now!!!,spam
your team confirmation,ham
free money click here now!!!,spam
limited time offer act now http://example.com,spam
[SPAM] job offer salary $100k work from home,spam
document for report,ham
[SPAM] your account has been compromised click link,spam
Thanks For The Update John,ham
congratulations your email won prize!!!,spam
FREE MONEY CLICK HERE NOW,spam
ACT IMMEDIATELY AVOID ACCOUNT CLOSURE,spam
[SPAM] order now free shipping,spam
congratulations you won lottery,spam
[SPAM] million dollar opportunity awaits,spam
review for dinner,ham
get rich quick work from home http://example.com,spam
[SPAM] earn $5000 daily from home,spam
Credit Card Offer Approved Click,spam
Re: thanks for the update john,ham
urgent action required verify account,spam
your order has shipped,ham
WELCOME TO OUR SERVICE,ham
your order has shipped - thanks,ham
Re: can you review my pull request,ham
password reset request received,ham
Re: great work on the presentation,ham
re: sync,ham
Act Immediately Avoid Account Closure,spam
Re: monthly newsletter january,ham
Order Now Free Shipping,spam
reminder about appointment tomorrow - thanks,ham
Congratulations Your Email Won Prize,spam
documents from meeting shared with you,ham
Re: happy birthday hope you have a great day,ham
job offer salary $100k work from home,spam
bitcoin investment opportunity guaranteed returns http://example.com,spam
[SPAM] cheap pharma online no prescription,spam
THANKS FOR THE UPDATE JOHN,ham
Re: can you review my pull request,ham
Great Work On The Presentation,ham
WEEKLY REPORT ATTACHED PLEASE REVIEW,ham
Re: subscription renewal coming up,ham
act immediately avoid account closure,spam
thanks for the update john - thanks,ham
act immediately avoid account closure!!!,spam
exclusive deal for you only today,spam
thanks for welcome,ham
dear winner claim your prize!!!,spam
Earn $5000 Daily From Home,spam
[SPAM] order now free shipping,spam
FLIGHT CONFIRMATION BOOKING ABC123,ham
NEW MESSAGE IN YOUR INBOX,ham
Earn $5000 Daily From Home,spam
MEET SINGLES IN YOUR AREA TONIGHT,spam
Order Now Free Shipping,spam
Project Update The Codebase Is Ready,ham
YOUR ORDER HAS SHIPPED,ham
Re: account settings updated successfully,ham
lunch plans for friday - thanks,ham
Re: calendar invite team sync,ham
[SPAM] meet singles in your area tonight,spam
CHEAP PHARMA ONLINE NO PRESCRIPTION,spam
Nigerian Prince Needs Your Help,spam
Bitcoin Investment Opportunity Guaranteed Returns,spam
Re: great work on the presentation,ham
adult content exclusive access click,spam
Re: lunch plans for friday,ham
YOUR REFUND IS WAITING CLAIM NOW,spam
Congratulations You Won Lottery,spam
bitcoin investment opportunity guaranteed returns http://example.com,spam
lunch plans for friday,ham
act immediately avoid account closure http://example.com,spam
[SPAM] lose weight fast no exercise needed,spam
click urgent action deal,spam
cheap pharma online no prescription,spam
get rich quick work from home!!!,spam
bitcoin investment opportunity guaranteed returns,spam
Welcome To Our Service,ham
Re: thank you for your purchase,ham
EXTREME DISCOUNT LUXURY ITEMS,spam
 receipt for your purchase,ham
congratulations your email won prize!!!,spam
thanks for document,ham
Re: new message in your inbox,ham
Meet Singles In Your Area Tonight,spam
Re: documents from meeting shared with you,ham
[SPAM] free money click here now,spam
HOTEL BOOKING CONFIRMATION REF 456,ham
your account has been compromised click link,spam
meet singles in your area tonight http://example.com,spam
Can You Review My Pull Request,ham
dear winner claim your prize,spam
reminder: report,ham
Your Order Has Shipped,ham
[SPAM] suspended account verify now,spam
adult content exclusive access click http://example.com,spam
can you review my pull request - thanks,ham
Credit Card Offer Approved Click,spam
Project Update The Codebase Is Ready,ham
welcome to our service,ham
SHIPPING CONFIRMATION ORDER 12345,ham
reminder: team,ham
Re:  receipt for your purchase,ham
SUBSCRIPTION RENEWAL COMING UP,ham
exclusive deal for you only today http://example.com,spam
CALENDAR INVITE TEAM SYNC,ham
your refund is waiting claim now http://example.com,spam
welcome to our service,ham
Password Reset Request Received,ham
new message in your inbox - thanks,ham
thank you for your purchase,ham
million dollar opportunity awaits!!!,spam
Re: account settings updated successfully,ham
extreme discount luxury items,spam
CALENDAR INVITE TEAM SYNC,ham
meet singles in your area tonight!!!,spam
Your Order Has Shipped,ham
extreme discount luxury items http://example.com,spam
Project Update The Codebase Is Ready,ham
[SPAM] limited time offer act now,spam
[SPAM] earn $5000 daily from home,spam
Get Rich Quick Work From Home,spam
suspended account verify now!!!,spam
urgent action required verify account,spam
weekly report attached please review,ham
CREDIT CARD OFFER APPROVED CLICK,spam
job offer salary $100k work from home!!!,spam
LOSE WEIGHT FAST NO EXERCISE NEEDED,spam
Reminder About Appointment Tomorrow,ham
HAPPY BIRTHDAY HOPE YOU HAVE A GREAT DAY,ham
flight confirmation booking abc123 - thanks,ham
Lunch Plans For Friday,ham
Re: lunch plans for friday,ham
million dollar opportunity awaits http://example.com,spam
lose weight fast no exercise needed,spam
DINNER RESERVATIONS FOR SATURDAY,ham
dear winner claim your prize http://example.com,spam
please birthday the dinner,ham
DOCUMENTS FROM MEETING SHARED WITH YOU,ham
exclusive deal for you only today!!!,spam
Reminder About Appointment Tomorrow,ham
order now free shipping http://example.com,spam
please review the proposal - thanks,ham
exclusive suspended for discount,spam
order now free shipping!!!,spam
hotel booking confirmation ref 456 - thanks,ham
Congratulations You Won Lottery,spam
Subscription Renewal Coming Up,ham
Act Immediately Avoid Account Closure,spam
Reminder About Appointment Tomorrow,ham
NIGERIAN PRINCE NEEDS YOUR HELP,spam
million dollar opportunity awaits http://example.com,spam
Team Meeting Tomorrow At 3Pm,ham
prize urgent action million,spam
[SPAM] special promotion just for you,spam
your account has been compromised click link http://example.com,spam
Reminder About Appointment Tomorrow,ham
claim your link investment,spam
Credit Card Offer Approved Click,spam
earn $5000 daily from home,spam
urgent action required verify account,spam
team meeting tomorrow at 3pm,ham
[SPAM] urgent action required verify account,spam
Earn $5000 Daily From Home,spam
meeting team at birthday,ham
cheap pharma online no prescription,spam
urgent action required verify account http://example.com,spam
Re: shipping confirmation order 12345,ham
CALENDAR INVITE TEAM SYNC,ham
[SPAM] free money click here now,spam
PLEASE REVIEW THE PROPOSAL,ham
Dinner Reservations For Saturday,ham
bitcoin investment opportunity guaranteed returns!!!,spam
password reset request received,ham
limited time offer act now http://example.com,spam
Re:  receipt for your purchase,ham
[SPAM] earn $5000 daily from home,spam
lunch plans for friday,ham
Re: hotel booking confirmation ref 456,ham
CAN YOU REVIEW MY PULL REQUEST,ham
Please Review The Proposal,ham
congratulations you won lottery,spam
claim your free suspended,spam
million dollar opportunity awaits!!!,spam
Dinner Reservations For Saturday,ham
Your Refund Is Waiting Claim Now,spam
order now free shipping,spam
Job Offer Salary $100K Work From Home,spam
job offer salary $100k work from home http://example.com,spam
Monthly Newsletter January,ham
DEAR WINNER CLAIM YOUR PRIZE,spam
urgent action required verify account!!!,spam
account settings updated successfully - thanks,ham
please update the dinner,ham
weekly report attached please review - thanks,ham
Re: your order has shipped,ham
[SPAM] urgent action required verify account,spam
TEAM MEETING TOMORROW AT 3PM,ham
YOUR ACCOUNT HAS BEEN COMPROMISED CLICK LINK,spam
LUNCH PLANS FOR FRIDAY,ham
suspended account verify now,spam
[SPAM] adult content exclusive access click,spam
get rich quick work from home http://example.com,spam
your refund is waiting claim now,spam
congratulations you won lottery http://example.com,spam
Re: your order has shipped,ham
Documents From Meeting Shared With You,ham
new message in your inbox - thanks,ham
PROJECT UPDATE THE CODEBASE IS READY,ham
winner limited time verify,spam
LIMITED TIME OFFER ACT NOW,spam
Re: subscription renewal coming up,ham
Please Review The Proposal,ham
WELCOME TO OUR SERVICE,ham
LOSE WEIGHT FAST NO EXERCISE NEEDED,spam
account settings updated successfully - thanks,ham
your sync confirmation,ham
act immediately avoid account closure,spam
[SPAM] act immediately avoid account closure,spam
flight confirmation booking abc123 - thanks,ham
weekly report attached please review,ham
extreme discount luxury items,spam
subscription renewal coming up,ham
Re: new message in your inbox,ham
Re: please review the proposal,ham
[SPAM] bitcoin investment opportunity guaranteed returns,spam
[SPAM] congratulations you won lottery,spam
CAN YOU REVIEW MY PULL REQUEST,ham
FREE MONEY CLICK HERE NOW,spam
million offer only offer,spam
free money click here now!!!,spam
congratulations you won lottery!!!,spam
adult content exclusive access click,spam
meet singles in your area tonight,spam
urgent action required verify account,spam
dinner reservations for saturday,ham
please update the review,ham
CONGRATULATIONS YOUR EMAIL WON PRIZE,spam
please confirm the report,ham
Your Refund Is Waiting Claim Now,spam
weekly report attached please review - thanks,ham
suspended account verify now http://example.com,spam
Exclusive Deal For You Only Today,spam
[SPAM] your account has been compromised click link,spam
exclusive deal for you only today http://example.com,spam
Great Work On The Presentation,ham
Dinner Reservations For Saturday,ham
team meeting tomorrow at 3pm - thanks,ham
[SPAM] earn $5000 daily from home,spam
meeting thanks at schedule,ham
Great Work On The Presentation,ham
reminder about appointment tomorrow - thanks,ham
Re: welcome to our service,ham
limited time offer act now http://example.com,spam
account settings updated successfully,ham
[SPAM] urgent action required verify account,spam
act immediately avoid account closure,spam
team meeting tomorrow at 3pm - thanks,ham
job offer salary $100k work from home,spam
dinner update attached,ham
Credit Card Offer Approved Click,spam
THANKS FOR THE UPDATE JOHN,ham
Hotel Booking Confirmation Ref 456,ham
Credit Card Offer Approved Click,spam
[SPAM] adult content exclusive access click,spam
FLIGHT CONFIRMATION BOOKING ABC123,ham
congratulations account won bitcoin,spam
HOTEL BOOKING CONFIRMATION REF 456,ham
Nigerian Prince Needs Your Help,spam
flight confirmation booking abc123,ham
THANK YOU FOR YOUR PURCHASE,ham
happy welcome,ham
lunch plans for friday - thanks,ham
subscription renewal coming up,ham
CAN YOU REVIEW MY PULL REQUEST,ham
Lose Weight Fast No Exercise Needed,spam
please review the proposal,ham
urgent action required verify account!!!,spam
limited time offer act now http://example.com,spam
[SPAM] special promotion just for you,spam
Great Work On The Presentation,ham
congratulations you won lottery http://example.com,spam
Congratulations You Won Lottery,spam
million dollar opportunity awaits!!!,spam
cheap pharma online no prescription http://example.com,spam
THANKS FOR THE UPDATE JOHN,ham
Dear Winner Claim Your Prize,spam
[SPAM] cheap pharma online no prescription,spam
lunch plans for friday - thanks,ham
your refund is waiting claim now http://example.com,spam
hotel booking confirmation ref 456,ham
great work on the presentation,ham
SHIPPING CONFIRMATION ORDER 12345,ham
re: appointment,ham
thanks for birthday,ham
monthly newsletter january - thanks,ham
welcome to our service - thanks,ham
Re: reminder about appointment tomorrow,ham
Re: new message in your inbox,ham
re: review,ham
[SPAM] dear winner claim your prize,spam
Re: weekly report attached please review,ham
PLEASE REVIEW THE PROPOSAL,ham
limited time offer act now!!!,spam
calendar invite team sync - thanks,ham
[SPAM] dear winner claim your prize,spam
free discount click free,spam
Account Settings Updated Successfully,ham
welcome to our service,ham
Thanks For The Update John,ham
thanks for the update john,ham
Re: great work on the presentation,ham
Re: welcome to our service,ham
thanks for welcome,ham
THANK YOU FOR YOUR PURCHASE,ham
WEEKLY REPORT ATTACHED PLEASE REVIEW,ham
Free Money Click Here Now,spam
lose weight fast no exercise needed,spam
Welcome To Our Service,ham
extreme discount luxury items,spam
bitcoin investment opportunity guaranteed returns,spam
thank you for your purchase - thanks,ham
please review the proposal - thanks,ham
PLEASE REVIEW THE PROPOSAL,ham
lunch plans for friday - thanks,ham
great work on the presentation,ham
Shipping Confirmation Order 12345,ham
Re: password reset request received,ham
special promotion just for you,spam
[SPAM] credit card offer approved click,spam
happy birthday hope you have a great day,ham
Thanks For The Update John,ham
[SPAM] nigerian prince needs your help,spam
CONGRATULATIONS YOUR EMAIL WON PRIZE,spam
PASSWORD RESET REQUEST RECEIVED,ham
exclusive deal for you only today,spam
EXCLUSIVE DEAL FOR YOU ONLY TODAY,spam
Calendar Invite Team Sync,ham
[SPAM] meet singles in your area tonight,spam
dear winner claim your prize,spam
your refund is waiting claim now!!!,spam
[SPAM] million dollar opportunity awaits,spam
EXTREME DISCOUNT LUXURY ITEMS,spam
[SPAM] your account has been compromised click link,spam
[SPAM] congratulations your email won prize,spam
HAPPY BIRTHDAY HOPE YOU HAVE A GREAT DAY,ham
earn click daily suspended,spam
lose weight fast no exercise needed http://example.com,spam
congratulations your email won prize,spam
Dear Winner Claim Your Prize,spam
get rich quick work from home,spam
PROJECT UPDATE THE CODEBASE IS READY,ham
your account has been compromised click link,spam
can you review my pull request,ham
monthly newsletter january,ham
[SPAM] adult content exclusive access click,spam
new message in your inbox,ham
Re: thank you for your purchase,ham
nigerian prince needs your help!!!,spam
DEAR WINNER CLAIM YOUR PRIZE,spam
Account Settings Updated Successfully,ham
Re: project update the codebase is ready,ham
project update the codebase is ready,ham
your order has shipped - thanks,ham
password reset request received - thanks,ham
Re: happy birthday hope you have a great day,ham
[SPAM] credit card offer approved click,spam
birthday update attached,ham
nigerian prince needs your help http://example.com,spam
thanks for the update john - thanks,ham
ACCOUNT SETTINGS UPDATED SUCCESSFULLY,ham
[SPAM] cheap pharma online no prescription,spam
Cheap Pharma Online No Prescription,spam
cheap pharma online no prescription,spam
congratulations your email won prize!!!,spam
cheap pharma online no prescription,spam
reminder: thanks,ham
exclusive deal for you only today http://example.com,spam
claim your verify cash,spam
act discount account now,spam
nigerian prince needs your help,spam
free discount click order,spam
credit card offer approved click!!!,spam
password reset request received - thanks,ham
bitcoin urgent action discount,spam
Re: thanks for the update john,ham
Please Review The Proposal,ham
[SPAM] lose weight fast no exercise needed,spam
dinner reservations for saturday,ham
Dear Winner Claim Your Prize,spam
Re: project update the codebase is ready,ham
[SPAM] exclusive deal for you only today,spam
limited time offer act now!!!,spam
[SPAM] job offer salary $100k work from home,spam
lose weight fast no exercise needed,spam
special promotion just for you,spam
CAN YOU REVIEW MY PULL REQUEST,ham
YOUR REFUND IS WAITING CLAIM NOW,spam
 Receipt For Your Purchase,ham
Re: thanks for the update john,ham
Nigerian Prince Needs Your Help,spam
ACT IMMEDIATELY AVOID ACCOUNT CLOSURE,spam
nigerian prince needs your help!!!,spam
cheap pharma online no prescription http://example.com,spam
lose weight fast no exercise needed http://example.com,spam
happy schedule,ham
your account has been compromised click link http://example.com,spam
extreme discount luxury items!!!,spam
[SPAM] nigerian prince needs your help,spam
[SPAM] lose weight fast no exercise needed,spam
Re: great work on the presentation,ham
Lose Weight Fast No Exercise Needed,spam
document for project,ham
PLEASE REVIEW THE PROPOSAL,ham
your refund is waiting claim now,spam
Re: subscription renewal coming up,ham
million dollar opportunity awaits http://example.com,spam
Project Update The Codebase Is Ready,ham
free money click here now http://example.com,spam
Please Review The Proposal,ham
welcome update attached,ham
Re: flight confirmation booking abc123,ham
thanks for the update john - thanks,ham
CONGRATULATIONS YOU WON LOTTERY,spam
CHEAP PHARMA ONLINE NO PRESCRIPTION,spam
Re: reminder about appointment tomorrow,ham
Re: flight confirmation booking abc123,ham
free money click here now!!!,spam
can you review my pull request - thanks,ham
SUBSCRIPTION RENEWAL COMING UP,ham
LOSE WEIGHT FAST NO EXERCISE NEEDED,spam
exclusive deal for you only today,spam
SPECIAL PROMOTION JUST FOR YOU,spam
Nigerian Prince Needs Your Help,spam
Re: password reset request received,ham
Reminder About Appointment Tomorrow,ham
re: team,ham
happy birthday hope you have a great day,ham
free money click here now!!!,spam
NEW MESSAGE IN YOUR INBOX,ham
Re: weekly report attached please review,ham
Your Account Has Been Compromised Click Link,spam
Re: great work on the presentation,ham
happy birthday hope you have a great day,ham
extreme discount luxury items!!!,spam
GET RICH QUICK WORK FROM HOME,spam
order now free shipping!!!,spam
get rich quick work from home!!!,spam
Re: project update the codebase is ready,ham
ACCOUNT SETTINGS UPDATED SUCCESSFULLY,ham
Re: account settings updated successfully,ham
Re: flight confirmation booking abc123,ham
exclusive deal for you only today!!!,spam
your order has shipped,ham
Hotel Booking Confirmation Ref 456,ham
prize limited time prize,spam
Re: project update the codebase is ready,ham
subscription renewal coming up,ham
project update the codebase is ready - thanks,ham
LUNCH PLANS FOR FRIDAY,ham
documents from meeting shared with you,ham
limited time offer act now,spam
password reset request received - thanks,ham
Re: lunch plans for friday,ham
dinner for sync,ham
Congratulations You Won Lottery,spam
appointment for welcome,ham
Lunch Plans For Friday,ham
cheap pharma online no prescription!!!,spam
[SPAM] suspended account verify now,spam
cheap pharma online no prescription,spam
act immediately avoid account closure http://example.com,spam
GREAT WORK ON THE PRESENTATION,ham
PASSWORD RESET REQUEST RECEIVED,ham
calendar invite team sync - thanks,ham
Million Dollar Opportunity Awaits,spam
shipping confirmation order 12345 - thanks,ham
Re: calendar invite team sync,ham
thank you for your purchase,ham
new message in your inbox - thanks,ham
Account Settings Updated Successfully,ham
your birthday confirmation,ham
your account has been compromised click link,spam
team meeting tomorrow at 3pm,ham
Re: lunch plans for friday,ham
Welcome To Our Service,ham
Welcome To Our Service,ham
password reset request received - thanks,ham
hotel booking confirmation ref 456,ham
NIGERIAN PRINCE NEEDS YOUR HELP,spam
extreme discount luxury items!!!,spam
bitcoin investment opportunity guaranteed returns http://example.com,spam
[SPAM] meet singles in your area tonight,spam
CONGRATULATIONS YOU WON LOTTERY,spam
million dollar opportunity awaits http://example.com,spam
Re: welcome to our service,ham
lunch plans for friday - thanks,ham
credit card offer approved click http://example.com,spam
urgent action required verify account,spam
LUNCH PLANS FOR FRIDAY,ham
limited time offer act now http://example.com,spam
thanks for the update john,ham
congratulations you won lottery!!!,spam
congratulations your email won prize,spam
[SPAM] meet singles in your area tonight,spam
Re: thank you for your purchase,ham
Re: happy birthday hope you have a great day,ham
urgent action required verify account,spam
Re: happy birthday hope you have a great day,ham
dear winner claim your prize http://example.com,spam
limited time offer act now!!!,spam
Great Work On The Presentation,ham
thanks for the update john,ham
[SPAM] bitcoin investment opportunity guaranteed returns,spam
Bitcoin Investment Opportunity Guaranteed Returns,spam
cheap pharma online no prescription http://example.com,spam
exclusive offer for free,spam
get rich quick work from home http://example.com,spam
million dollar opportunity awaits,spam
order limited time cheap,spam
PLEASE REVIEW THE PROPOSAL,ham
please review the proposal - thanks,ham
Million Dollar Opportunity Awaits,spam
PASSWORD RESET REQUEST RECEIVED,ham
bitcoin investment opportunity guaranteed returns,spam
Thank You For Your Purchase,ham
ADULT CONTENT EXCLUSIVE ACCESS CLICK,spam
Your Refund Is Waiting Claim Now,spam
please review the proposal - thanks,ham
HAPPY BIRTHDAY HOPE YOU HAVE A GREAT DAY,ham
million dollar opportunity awaits!!!,spam
Adult Content Exclusive Access Click,spam
Special Promotion Just For You,spam
THANK YOU FOR YOUR PURCHASE,ham
Earn $5000 Daily From Home,spam
Re: flight confirmation booking abc123,ham
calendar invite team sync - thanks,ham
extreme discount luxury items http://example.com,spam
bitcoin investment opportunity guaranteed returns,spam
can you review my pull request,ham
extreme discount luxury items http://example.com,spam
Re: your order has shipped,ham
exclusive deal for you only today,spam
limited time offer act now,spam
Account Settings Updated Successfully,ham
thanks for sync,ham
urgent action required verify account,spam
EARN $5000 DAILY FROM HOME,spam
earn $5000 daily from home!!!,spam
Thanks For The Update John,ham
account settings updated successfully,ham
please review the proposal - thanks,ham
lose weight fast no exercise needed,spam
exclusive deal for you only today http://example.com,spam
urgent action required verify account http://example.com,spam
ORDER NOW FREE SHIPPING,spam
free money click here now,spam
dear winner claim your prize!!!,spam
suspended account verify now!!!,spam
[SPAM] nigerian prince needs your help,spam
free money click here now http://example.com,spam
Re: your order has shipped,ham
Re: team meeting tomorrow at 3pm,ham
special promotion just for you http://example.com,spam
Nigerian Prince Needs Your Help,spam
welcome to our service - thanks,ham
dear winner claim your prize!!!,spam
reminder about appointment tomorrow - thanks,ham
Welcome To Our Service,ham
CALENDAR INVITE TEAM SYNC,ham
Earn $5000 Daily From Home,spam
Weekly Report Attached Please Review,ham
appointment for schedule,ham
documents from meeting shared with you,ham
Re: lunch plans for friday,ham
urgent action required verify account,spam
dinner reservations for saturday - thanks,ham
act immediately avoid account closure http://example.com,spam
[SPAM] special promotion just for you,spam
limited time offer act now http://example.com,spam
Your Account Has Been Compromised Click Link,spam
JOB OFFER SALARY $100K WORK FROM HOME,spam
your account has been compromised click link http://example.com,spam
Lunch Plans For Friday,ham
lunch plans for friday - thanks,ham
EXTREME DISCOUNT LUXURY ITEMS,spam
your million is lottery click suspended,spam
EXTREME DISCOUNT LUXURY ITEMS,spam
get rich quick work from home http://example.com,spam
[SPAM] get rich quick work from home,spam
exclusive bitcoin for bitcoin,spam
Team Meeting Tomorrow At 3Pm,ham
[SPAM] urgent action required verify account,spam
PASSWORD RESET REQUEST RECEIVED,ham
Special Promotion Just For You,spam
EARN $5000 DAILY FROM HOME,spam
thanks for dinner,ham
bitcoin investment opportunity guaranteed returns http://example.com,spam
bitcoin investment opportunity guaranteed returns!!!,spam
PASSWORD RESET REQUEST RECEIVED,ham
special promotion just for you!!!,spam
Meet Singles In Your Area Tonight,spam
your account has been compromised click link,spam
documents from meeting shared with you - thanks,ham
thank you for your purchase - thanks,ham
Meet Singles In Your Area Tonight,spam
CONGRATULATIONS YOU WON LOTTERY,spam
TEAM MEETING TOMORROW AT 3PM,ham
order now free shipping,spam
GREAT WORK ON THE PRESENTATION,ham
million limited time money,spam
new message in your inbox,ham
JOB OFFER SALARY $100K WORK FROM HOME,spam
re: schedule,ham
DOCUMENTS FROM MEETING SHARED WITH YOU,ham
Shipping Confirmation Order 12345,ham
SHIPPING CONFIRMATION ORDER 12345,ham
team meeting tomorrow at 3pm,ham
DEAR WINNER CLAIM YOUR PRIZE,spam
special promotion just for you!!!,spam
[SPAM] special promotion just for you,spam
Cheap Pharma Online No Prescription,spam
your account has been compromised click link!!!,spam
dear winner claim your prize http://example.com,spam
cheap pharma online no prescription,spam
lose weight fast no exercise needed http://example.com,spam
flight confirmation booking abc123 - thanks,ham
Job Offer Salary $100K Work From Home,spam
Password Reset Request Received,ham
can you welcome,ham
YOUR ACCOUNT HAS BEEN COMPROMISED CLICK LINK,spam
dear winner claim your prize,spam
shipping confirmation order 12345,ham
Exclusive Deal For You Only Today,spam
subscription renewal coming up,ham
SHIPPING CONFIRMATION ORDER 12345,ham
special promotion just for you,spam
your click is link click bitcoin,spam
Great Work On The Presentation,ham
Re: documents from meeting shared with you,ham
DEAR WINNER CLAIM YOUR PRIZE,spam
Re: dinner reservations for saturday,ham
congratulations you won lottery http://example.com,spam
Suspended Account Verify Now,spam
ACCOUNT SETTINGS UPDATED SUCCESSFULLY,ham
CAN YOU REVIEW MY PULL REQUEST,ham
happy birthday hope you have a great day,ham
please schedule the report,ham
SHIPPING CONFIRMATION ORDER 12345,ham
LUNCH PLANS FOR FRIDAY,ham
can you sync,ham
ACT IMMEDIATELY AVOID ACCOUNT CLOSURE,spam
dear winner claim your prize http://example.com,spam
re: appointment,ham
Re: calendar invite team sync,ham
million dollar opportunity awaits,spam
Lunch Plans For Friday,ham
 RECEIPT FOR YOUR PURCHASE,ham
monthly newsletter january - thanks,ham
TEAM MEETING TOMORROW AT 3PM,ham
reminder about appointment tomorrow,ham
[SPAM] earn $5000 daily from home,spam
MEET SINGLES IN YOUR AREA TONIGHT,spam
welcome to our service,ham
congratulations your email won prize http://example.com,spam
adult content exclusive access click http://example.com,spam
Re: weekly report attached please review,ham
BITCOIN INVESTMENT OPPORTUNITY GUARANTEED RETURNS,spam
Your Order Has Shipped,ham
[SPAM] cheap pharma online no prescription,spam
lunch plans for friday - thanks,ham
flight confirmation booking abc123 - thanks,ham
Re: please review the proposal,ham
project update the codebase is ready,ham
free money click here now http://example.com,spam
[SPAM] congratulations your email won prize,spam
act lottery investment now,spam
REMINDER ABOUT APPOINTMENT TOMORROW,ham
thank you for your purchase,ham
shipping confirmation order 12345 - thanks,ham
CALENDAR INVITE TEAM SYNC,ham
Re: calendar invite team sync,ham
job offer salary $100k work from home,spam
REMINDER ABOUT APPOINTMENT TOMORROW,ham
shipping confirmation order 12345,ham
Lose Weight Fast No Exercise Needed,spam
monthly newsletter january,ham
[SPAM] congratulations you won lottery,spam
earn investment daily order,spam
order now free shipping!!!,spam
suspended account verify now http://example.com,spam
[SPAM] congratulations your email won prize,spam
reminder: birthday,ham
Re: welcome to our service,ham
Suspended Account Verify Now,spam
HAPPY BIRTHDAY HOPE YOU HAVE A GREAT DAY,ham
act immediately avoid account closure,spam
congratulations your email won prize,spam
[SPAM] bitcoin investment opportunity guaranteed returns,spam
your meeting confirmation,ham
your free is million click suspended,spam
account settings updated successfully,ham
suspended account verify now http://example.com,spam
Project Update The Codebase Is Ready,ham
million dollar opportunity awaits!!!,spam
Re: flight confirmation booking abc123,ham
Job Offer Salary $100K Work From Home,spam
free money click here now,spam
ACT IMMEDIATELY AVOID ACCOUNT CLOSURE,spam
Project Update The Codebase Is Ready,ham
earn $5000 daily from home!!!,spam
Flight Confirmation Booking Abc123,ham
DOCUMENTS FROM MEETING SHARED WITH YOU,ham
flight confirmation booking abc123 - thanks,ham
credit card offer approved click!!!,spam
[SPAM] meet singles in your area tonight,spam
MILLION DOLLAR OPPORTUNITY AWAITS,spam
 receipt for your purchase - thanks,ham
Re: dinner reservations for saturday,ham
documents from meeting shared with you,ham
LUNCH PLANS FOR FRIDAY,ham
Re: subscription renewal coming up,ham
URGENT ACTION REQUIRED VERIFY ACCOUNT,spam
Re: happy birthday hope you have a great day,ham
Re: monthly newsletter january,ham
Re: thanks for the update john,ham
adult content exclusive access click http://example.com,spam
Bitcoin Investment Opportunity Guaranteed Returns,spam
[SPAM] cheap pharma online no prescription,spam
ACCOUNT SETTINGS UPDATED SUCCESSFULLY,ham
congratulations you won lottery http://example.com,spam
Account Settings Updated Successfully,ham
[SPAM] suspended account verify now,spam
[SPAM] adult content exclusive access click,spam
new message in your inbox - thanks,ham
Re: great work on the presentation,ham
account settings updated successfully,ham
Please Review The Proposal,ham
[SPAM] your refund is waiting claim now,spam
Re:  receipt for your purchase,ham
subscription renewal coming up,ham
meet singles in your area tonight,spam
your review confirmation,ham
million dollar opportunity awaits!!!,spam
HOTEL BOOKING CONFIRMATION REF 456,ham
shipping confirmation order 12345 - thanks,ham
Re: great work on the presentation,ham
CONGRATULATIONS YOUR EMAIL WON PRIZE,spam
great work on the presentation,ham
team meeting tomorrow at 3pm,ham
ACCOUNT SETTINGS UPDATED SUCCESSFULLY,ham
SUSPENDED ACCOUNT VERIFY NOW,spam
million dollar opportunity awaits http://example.com,spam
[SPAM] get rich quick work from home,spam
Urgent Action Required Verify Account,spam
 receipt for your purchase - thanks,ham
Documents From Meeting Shared With You,ham
HOTEL BOOKING CONFIRMATION REF 456,ham
new message in your inbox - thanks,ham
dear winner claim your prize http://example.com,spam
[SPAM] extreme discount luxury items,spam
lunch update attached,ham
Re: account settings updated successfully,ham
[SPAM] nigerian prince needs your help,spam
adult content exclusive access click!!!,spam
thank you for your purchase,ham
weekly report attached please review,ham
reminder about appointment tomorrow - thanks,ham
Re: project update the codebase is ready,ham
Re: lunch plans for friday,ham
reminder: confirm,ham
weekly report attached please review - thanks,ham
exclusive deal for you only today,spam
[SPAM] special promotion just for you,spam
Extreme Discount Luxury Items,spam
reminder: meeting,ham
your account has been compromised click link!!!,spam
Welcome To Our Service,ham
birthday update attached,ham
your click is cash click million,spam
act immediately avoid account closure!!!,spam
Dear Winner Claim Your Prize,spam
re: meeting,ham
can you document,ham
your account has been compromised click link!!!,spam
urgent action required verify account,spam
Dinner Reservations For Saturday,ham
DOCUMENTS FROM MEETING SHARED WITH YOU,ham
Get Rich Quick Work From Home,spam
Thanks For The Update John,ham
Reminder About Appointment Tomorrow,ham
[SPAM] limited time offer act now,spam
[SPAM] limited time offer act now,spam
credit card offer approved click!!!,spam
Hotel Booking Confirmation Ref 456,ham
dear winner claim your prize,spam
exclusive cheap for account,spam
re: meeting,ham
documents from meeting shared with you - thanks,ham
can you review my pull request,ham
ORDER NOW FREE SHIPPING,spam
congratulations you won lottery http://example.com,spam
documents from meeting shared with you - thanks,ham
Happy Birthday Hope You Have A Great Day,ham
order now free shipping,spam
job offer salary $100k work from home,spam
cheap pharma online no prescription,spam
DOCUMENTS FROM MEETING SHARED WITH YOU,ham
Great Work On The Presentation,ham
Re: new message in your inbox,ham
documents from meeting shared with you - thanks,ham
earn bitcoin daily winner,spam
SPECIAL PROMOTION JUST FOR YOU,spam
New Message In Your Inbox,ham
[SPAM] credit card offer approved click,spam
HAPPY BIRTHDAY HOPE YOU HAVE A GREAT DAY,ham
Weekly Report Attached Please Review,ham
shipping confirmation order 12345,ham
BITCOIN INVESTMENT OPPORTUNITY GUARANTEED RETURNS,spam
urgent action required verify account,spam
Re: dinner reservations for saturday,ham
SUSPENDED ACCOUNT VERIFY NOW,spam
Re: account settings updated successfully,ham
[SPAM] free money click here now,spam
weekly report attached please review - thanks,ham
password reset request received - thanks,ham
Happy Birthday Hope You Have A Great Day,ham
Congratulations Your Email Won Prize,spam
Thank You For Your Purchase,ham
Re: lunch plans for friday,ham
CALENDAR INVITE TEAM SYNC,ham
Act Immediately Avoid Account Closure,spam
Adult Content Exclusive Access Click,spam
Re: your order has shipped,ham
MILLION DOLLAR OPPORTUNITY AWAITS,spam
[SPAM] get rich quick work from home,spam
your refund is waiting claim now,spam
meet singles in your area tonight,spam
meeting meeting at confirm,ham
[SPAM] suspended account verify now,spam
new message in your inbox,ham
lose weight fast no exercise needed http://example.com,spam
lose weight fast no exercise needed!!!,spam
CREDIT CARD OFFER APPROVED CLICK,spam
Re: project update the codebase is ready,ham
earn $5000 daily from home,spam
Re: project update the codebase is ready,ham
FLIGHT CONFIRMATION BOOKING ABC123,ham
urgent action required verify account,spam
reminder about appointment tomorrow - thanks,ham
monthly newsletter january,ham
documents from meeting shared with you,ham
new message in your inbox - thanks,ham
ACT IMMEDIATELY AVOID ACCOUNT CLOSURE,spam
can you review my pull request - thanks,ham
your order has shipped - thanks,ham
Re: password reset request received,ham
Re: documents from meeting shared with you,ham
free offer only bitcoin,spam
 receipt for your purchase - thanks,ham
SUSPENDED ACCOUNT VERIFY NOW,spam
limited time offer act now!!!,spam
subscription renewal coming up - thanks,ham
lunch plans for friday,ham
Shipping Confirmation Order 12345,ham
Suspended Account Verify Now,spam
CONGRATULATIONS YOUR EMAIL WON PRIZE,spam
Bitcoin Investment Opportunity Guaranteed Returns,spam
subscription renewal coming up,ham
Re: great work on the presentation,ham
dinner reservations for saturday - thanks,ham
SUSPENDED ACCOUNT VERIFY NOW,spam
TEAM MEETING TOMORROW AT 3PM,ham
CONGRATULATIONS YOUR EMAIL WON PRIZE,spam
 receipt for your purchase,ham
Extreme Discount Luxury Items,spam
Dear Winner Claim Your Prize,spam
adult content exclusive access click,spam
[SPAM] job offer salary $100k work from home,spam
congratulations you won lottery,spam
HAPPY BIRTHDAY HOPE YOU HAVE A GREAT DAY,ham
urgent action required verify account!!!,spam
million dollar opportunity awaits,spam
limited time offer act now http://example.com,spam
nigerian prince needs your help http://example.com,spam
WEEKLY REPORT ATTACHED PLEASE REVIEW,ham
Re: dinner reservations for saturday,ham
winner limited time click,spam
Get Rich Quick Work From Home,spam
re: report,ham
cheap pharma online no prescription http://example.com,spam
reminder about appointment tomorrow,ham
MONTHLY NEWSLETTER JANUARY,ham
SUSPENDED ACCOUNT VERIFY NOW,spam
Welcome To Our Service,ham
cheap pharma online no prescription!!!,spam
ADULT CONTENT EXCLUSIVE ACCESS CLICK,spam
hotel booking confirmation ref 456,ham
THANK YOU FOR YOUR PURCHASE,ham
earn $5000 daily from home http://example.com,spam
JOB OFFER SALARY $100K WORK FROM HOME,spam
Weekly Report Attached Please Review,ham
[SPAM] extreme discount luxury items,spam
Dinner Reservations For Saturday,ham
reminder: schedule,ham
act immediately avoid account closure!!!,spam
[SPAM] suspended account verify now,spam
Re: monthly newsletter january,ham
account settings updated successfully,ham
claim your prize click,spam
please review the proposal - thanks,ham
act free order now,spam
YOUR ORDER HAS SHIPPED,ham
adult content exclusive access click http://example.com,spam
Re: reminder about appointment tomorrow,ham
CALENDAR INVITE TEAM SYNC,ham
can you review my pull request,ham
Re: dinner reservations for saturday,ham
weekly report attached please review,ham
lunch plans for friday - thanks,ham
thanks for team,ham
Free Money Click Here Now,spam
subscription renewal coming up,ham
your order has shipped,ham
Congratulations You Won Lottery,spam
Free Money Click Here Now,spam
Happy Birthday Hope You Have A Great Day,ham
calendar invite team sync - thanks,ham
can you review my pull request - thanks,ham
GET RICH QUICK WORK FROM HOME,spam
dinner reservations for saturday - thanks,ham
Extreme Discount Luxury Items,spam
exclusive deal for order,spam
 RECEIPT FOR YOUR PURCHASE,ham
re: confirm,ham
Your Order Has Shipped,ham
[SPAM] special promotion just for you,spam
ORDER NOW FREE SHIPPING,spam
calendar invite team sync - thanks,ham
get rich quick work from home!!!,spam
team meeting tomorrow at 3pm,ham
Re: great work on the presentation,ham
your refund is waiting claim now http://example.com,spam
urgent action required verify account,spam
thanks for the update john,ham
welcome to our service,ham
nigerian prince needs your help http://example.com,spam
team meeting tomorrow at 3pm - thanks,ham
congratulations your email won prize http://example.com,spam
ACCOUNT SETTINGS UPDATED SUCCESSFULLY,ham
Calendar Invite Team Sync,ham
free money click here now http://example.com,spam
congratulations your email won prize!!!,spam
password reset request received,ham
dinner reservations for saturday,ham
birthday update attached,ham
Nigerian Prince Needs Your Help,spam
happy birthday hope you have a great day - thanks,ham
thanks for the update john - thanks,ham
earn $5000 daily from home!!!,spam
hotel booking confirmation ref 456 - thanks,ham
Re: your order has shipped,ham
earn $5000 daily from home http://example.com,spam
[SPAM] limited time offer act now,spam
MONTHLY NEWSLETTER JANUARY,ham
[SPAM] suspended account verify now,spam
act immediately avoid account closure!!!,spam
million dollar opportunity awaits http://example.com,spam
Re: documents from meeting shared with you,ham
earn $5000 daily from home http://example.com,spam
Re: hotel booking confirmation ref 456,ham
Team Meeting Tomorrow At 3Pm,ham
job offer salary $100k work from home,spam
exclusive deal for you only today,spam
 receipt for your purchase,ham
can you dinner,ham
confirm update attached,ham
Documents From Meeting Shared With You,ham
thanks for the update john,ham
thank you for your purchase - thanks,ham
re: schedule,ham
dinner reservations for saturday - thanks,ham
Re: hotel booking confirmation ref 456,ham
CHEAP PHARMA ONLINE NO PRESCRIPTION,spam
Your Account Has Been Compromised Click Link,spam
WELCOME TO OUR SERVICE,ham
[SPAM] credit card offer approved click,spam
new message in your inbox,ham
Monthly Newsletter January,ham
act million verify now,spam
BITCOIN INVESTMENT OPPORTUNITY GUARANTEED RETURNS,spam
Re: project update the codebase is ready,ham
[SPAM] cheap pharma online no prescription,spam
special promotion just for you!!!,spam
team meeting tomorrow at 3pm - thanks,ham
great work on the presentation - thanks,ham
[SPAM] special promotion just for you,spam
job offer salary $100k work from home http://example.com,spam
act immediately avoid account closure!!!,spam
Re: monthly newsletter january,ham
bitcoin investment opportunity guaranteed returns,spam
[SPAM] meet singles in your area tonight,spam
million dollar opportunity awaits!!!,spam
claim your verify cash,spam
Re: calendar invite team sync,ham
suspended account verify now,spam
Please Review The Proposal,ham
Project Update The Codebase Is Ready,ham
thank you for your purchase - thanks,ham
Monthly Newsletter January,ham
get rich quick work from home!!!,spam
free cheap click click,spam
[SPAM] congratulations your email won prize,spam
suspended account verify now,spam
nigerian prince needs your help!!!,spam
[SPAM] dear winner claim your prize,spam
DEAR WINNER CLAIM YOUR PRIZE,spam
Can You Review My Pull Request,ham
Calendar Invite Team Sync,ham
[SPAM] bitcoin investment opportunity guaranteed returns,spam
Re: subscription renewal coming up,ham
GREAT WORK ON THE PRESENTATION,ham
thanks for welcome,ham
monthly newsletter january,ham
Lunch Plans For Friday,ham
SPECIAL PROMOTION JUST FOR YOU,spam
Credit Card Offer Approved Click,spam
lose weight fast no exercise needed,spam
Subscription Renewal Coming Up,ham
Act Immediately Avoid Account Closure,spam
 receipt for your purchase,ham
dinner reservations for saturday,ham
earn $5000 daily from home!!!,spam
Limited Time Offer Act Now,spam
SUBSCRIPTION RENEWAL COMING UP,ham
SUBSCRIPTION RENEWAL COMING UP,ham
monthly newsletter january - thanks,ham
your account has been compromised click link http://example.com,spam
earn $5000 daily from home,spam
EXTREME DISCOUNT LUXURY ITEMS,spam
thanks for report,ham
congratulations your email won prize http://example.com,spam
cheap pharma online no prescription,spam
happy update,ham
free million click click,spam
CALENDAR INVITE TEAM SYNC,ham
MONTHLY NEWSLETTER JANUARY,ham
Re: happy birthday hope you have a great day,ham
Dear Winner Claim Your Prize,spam
[SPAM] congratulations you won lottery,spam
documents from meeting shared with you - thanks,ham
[SPAM] bitcoin investment opportunity guaranteed returns,spam
Flight Confirmation Booking Abc123,ham
free cash click suspended,spam
Re: weekly report attached please review,ham
special promotion just for you,spam
 RECEIPT FOR YOUR PURCHASE,ham
re: lunch,ham
Team Meeting Tomorrow At 3Pm,ham
adult content exclusive access click!!!,spam
congratulations your email won prize,spam
Re: password reset request received,ham
EXTREME DISCOUNT LUXURY ITEMS,spam
Exclusive Deal For You Only Today,spam
DOCUMENTS FROM MEETING SHARED WITH YOU,ham
account settings updated successfully - thanks,ham
Reminder About Appointment Tomorrow,ham
your schedule confirmation,ham
Congratulations You Won Lottery,spam
dear winner claim your prize,spam
bitcoin investment opportunity guaranteed returns http://example.com,spam
Meet Singles In Your Area Tonight,spam
account settings updated successfully - thanks,ham
congratulations you won lottery,spam
exclusive deal for you only today!!!,spam
can you review my pull request,ham
lose weight fast no exercise needed,spam
your account has been compromised click link!!!,spam
[SPAM] order now free shipping,spam
New Message In Your Inbox,ham
[SPAM] free money click here now,spam
update for confirm,ham
[SPAM] extreme discount luxury items,spam
re: welcome,ham
congratulations you won lottery http://example.com,spam
Your Account Has Been Compromised Click Link,spam
URGENT ACTION REQUIRED VERIFY ACCOUNT,spam
Flight Confirmation Booking Abc123,ham
lose weight fast no exercise needed,spam
flight confirmation booking abc123 - thanks,ham
